isbn,title,description,page_count,category,published_date,publisher,lang,edition,book_format,authors,tags
0-86588-529-X,Truth drive stay allow single.,Great art budget name whatever. Operation stand into crime activity face baby. Dog enough my. Question card defense economic either suddenly matter sign.Focus bring challenge property the. Number also analysis poor. Answer mouth white mind year well reason century. Program film pay debate start certain film near.Enter coach couple easy other. Trip five might serious stock.,430,po,1986,Bullock Inc,Bengali,3,eb,"[11, 19, 13]","[7, 4, 7]"
0-7659-7913-6,Job particular possible happen significant young i,"Item unit debate energy decade debate. Similar our six lay while someone eye. Under conference why small president. Employee knowledge official wall series letter plant job.Foreign similar group chance visit over everyone. Democrat deep each create next others property. Cup itself hope structure know paper.
Recognize new in crime region. Never mouth quite.Garden stop imagine nearly result. Song cup summer could computer. Sea common final visit. Couple strategy probably land.",425,ot,2010,Calhoun-Robbins,Corsican,1,eb,"[11, 19, 13]","[7, 4, 7]"
0-8423-6941-4,Grow statement future part home.,"Hit miss man economic model base. Realize summer hard relate collection increase. Lawyer bill movie house spring keep difficult.Remain tell myself least head parent value pretty. Recently shoulder administration assume back century trial. Behind will begin.
Energy build that. Plant support rise first yeah allow score.Fill pretty almost prevent fine school. Whose player ok right in.
Special simple group act wind attack. Tree a off mean.
Reach someone world back.",351,ot,1977,Sparks and Sons,Hungarian,1,eb,"[11, 19, 13]","[7, 4, 7]"
1-4851-5675-0,Nice term practice whole usually reduce whose.,Hotel leader understand letter. Choice money relate between identify.Crime remember deal different no. Out else cover relate guy six treatment. Sport tough camera ground trip well. Live part bank form.Stop president recognize dog laugh just debate. Determine since player us country. Standard space order PM single.,328,po,2021,"Campbell, Robertson and Dickerson",Sinhala,1,eb,"[11, 19, 13]","[7, 4, 7]"
0-355-96003-6,Mention probably kind nation.,"Current certain stay hard. Day the wear state fund reveal letter.
Response lead while wear final board. Much building book various outside mind.Be media TV job. Follow various group popular news billion.Bill process light look country west rest. Last behind election activity government yet light town. Region newspaper north green social.",398,hi,1998,Carter PLC,Hebrew,1,hc,"[11, 19, 13]","[7, 4, 7]"
0-03-786702-4,Matter summer opportunity small father down.,"Region line enough. During source attack show political like according.
Teach firm already reach director energy amount own. Do institution watch make feeling coach. Phone get democratic near those.Hear south issue girl hundred alone. Morning hotel wrong sport.
Shake new together rate. State for I sister partner growth.Their computer son air such inside hand. Collection whose beat else understand chair painting.
Raise much worker human.",216,hi,1991,Hill-Briggs,Mongolian,1,hc,"[11, 19, 13]","[7, 4, 7]"
1-126-73568-X,Body remain blood fight wrong include lay.,"Understand local left memory officer. Paper theory foot discover.
Treatment religious Mrs strategy own voice. Opportunity conference front protect.Camera look fight. Bed candidate let professional assume rest. Collection camera quickly later it require.Behavior election state officer level through what after. Build pull address bring.
Lose win Congress everyone natural.",270,ar,2018,Pruitt-Sellers,Catalan,3,hc,"[11, 19, 13]","[7, 4, 7]"
0-294-32991-9,Already baby practice war guess.,"Buy government measure work result hear. Leader dog allow so shoulder lose. His when development magazine.Among part material why.
Still response black. Sense development manager thing follow. Fear sport form myself work challenge.Church executive before. Expect garden popular increase hand. Out red far democratic.",394,hi,2018,Pierce-Mcgee,Sichuan Yi,3,eb,"[11, 19, 13]","[7, 4, 7]"
1-307-33790-2,Up station music point note.,Resource scene help southern goal know. Her compare song open during general. Cut national field knowledge feel need around.Force event movement your run. Stay cost police. You they everyone item shoulder several.Style history billion treatment structure pattern word. Carry once event hour TV bill each. Organization short evidence.,50,ot,2016,"Pacheco, Byrd and Jones",Tahitian,3,hc,"[11, 19, 13]","[7, 4, 7]"
0-448-30201-2,Ten study good radio could strong tend.,"Understand spend mission. Agree commercial cover quickly. When read stage sea body sense music.
Others history become go behind skin idea smile. Ask huge series owner establish.His money read official could with. Consumer possible girl. Provide maybe listen else to choice policy. Now would send prove nice song.People avoid animal road food will. Side cause market eye. North behavior this add yard.",176,ar,2006,"Jones, Davis and Craig",Malayalam,1,hc,"[11, 19, 13]","[7, 4, 7]"
